name,email
Juan Perez,juan.perez@email.com
Ana Garcia,ana.garcia@email.com
Luis Martinez,luis.martinez@email.com
Maria Lopez,maria.lopez@email.com
Carlos Sanchez,carlos.sanchez@email.com
Ana Moreno,anamoreno@gmail.com
Carlos Ruiz,carlosruiz@gmail.com
Laura Garcia,lauragarcia@gmail.com
Diego Torres,diegotorres@gmail.com
Marta Jimenez,martajimenez@gmail.com
Pablo Sanchez,pablosanchez@gmail.com
Elena Diaz,elenadiaz@gmail.com
Raul Fernandez,raulfernandez@gmail.com
Sofia Lopez,sofialopez@gmail.com
Marcos Herrera,marcosherrera@gmail.com
